PLACE, POPULATION, LATITUDE, LONGITUDE, ALTITUDE, THROUGHPUT_REQUIRED_PER_USER
Talasari, 154818, 20.09999667100044, 72.91666646800053, 61.30241775512695, 1
Sambha, 4881, 18.410086130000423, 73.2014776950005, 16.62127685546875, 1
Achchhad, 2770, 20.21271032900046, 72.87626017700052, 54.9876823425293, 1
Kajali, 1019, 18.566586742000425, 73.8501176360005, 564.0420532226562, 1
Upalat, 10893, 20.212780089000432, 72.91720002900053, 33.63068389892578, 1
Bormal, 1661, 20.204200324000453, 72.94729007000052, 36.88150405883789, 1
Masanpada , 1264, 20.179520240000443, 72.95717000500053, 44.92630386352539, 1
Ambeshetgaon, 1114, 20.204200324000453, 72.94729007000052, 36.88150405883789, 1
Kochai, 3539, 20.004429651000464, 73.75454611700053, 604.0519409179688, 1
Thakarpada, 1278, 20.191210019000437, 72.87602028800052, 38.55874633789062, 1
Dongari, 5581, 18.95851996300047, 72.8382879240005, 13.92781925201416, 1
Ghimniye, 3722, 21.133859861000474, 79.0739500840005, 309.7752685546875, 1
Girgaon, 2735, 18.95578870500043, 72.81192926300048, 9.81965446472168, 1
Dolharpada, 3588, 20.148160283000436, 72.8353900840005, 29.09533500671387, 1
Kharadpada , 730, 19.51666843400045, 72.7666677790005, 7.319987297058105, 1
Vilatgaon , 850, 20.172960311000452, 72.86268011600049, 78.13251495361328, 1
Varwade, 5877, 21.356618161000426, 74.88440935500051, 166.1704406738281, 1
Sawroli, 3341, 18.45867731800047, 72.98135722800049, 4.922543525695801, 1
Anwir, 3604, 18.397568241000442, 77.10765756900054, 639.668701171875, 1
Ibhadpada, 1248, 20.155560180000464, 72.90034018200049, 84.53734588623047, 1
Patilpada, 3000, 19.25472140000045, 72.97975932200052, 15.71223735809326, 1
Zari, 4602, 16.829178416000445, 74.64806782800053, 565.9656982421875, 1
Vevaji, 2672, 20.14822789100043, 72.80272757900053, 29.31608963012695, 1
Borigaon, 940, 16.599995753000428, 74.49999946700052, 556.976318359375, 1
Brahmanpada, 2571, 19.23999519600045, 72.9813544530005, 37.00711822509766, 1
Baradi, 3418, 19.026819402000456, 72.85917957000049, 12.12901592254639, 1
Karajgaon, 1849, 19.482588458000464, 74.79746807000049, 491.4598693847656, 1
Vasa, 6024, 19.34325832200045, 72.80584580200053, 7.140304565429688, 1
Awarpada, 1562, 20.12688028700046, 72.87693001500048, 43.61581802368164, 1
Thakarpada , 5054, 20.191210019000437, 72.87602028800052, 38.55874633789062, 1
Khunavade, 1636, 20.072730173000423, 72.7965401830005, 53.95141220092773, 1
Gholwad, 4403, 20.08727630000044, 72.73123792300049, 13.18380165100098, 1
Vikasnagar, 1630, 18.52954602900047, 73.99557622800052, 545.8703002929688, 1
Chikhale, 4534, 21.132178077000447, 79.09726851500051, 304.0527954101562, 1
Naraliwadi, 920, 20.039850089000424, 72.75567009100052, 23.2713737487793, 1
Chimbave, 1339, 21.133859861000474, 79.0739500840005, 309.7752685546875, 1
Ambewadi, 1018, 18.957687537000425, 72.80621926900051, 51.58980178833008, 1
Narpad, 2759, 18.506836544000464, 73.87984649800052, 579.790771484375, 1
Thakurwadi, 935, 18.816665551000426, 73.36666703600054, 331.7218933105469, 1
Waki, 2260, 18.516668172000436, 73.5166657260005, 667.7369995117188, 1
Kainad, 5706, 20.266666381000448, 75.13332726700048, 639.7830200195312, 1
Ambesari, 5690, 19.833327834000443, 75.13332726700048, 522.1217041015625, 1
Sogwe, 2485, 21.133859861000474, 79.0739500840005, 309.7752685546875, 1
Kosbad, 4479, 19.743029847000457, 72.95608747000051, 22.1351203918457, 1
Nandare, 444, 19.109679549000475, 72.84843902300048, 13.87679481506348, 1
Kasara, 1954, 19.633329582000442, 73.48332818400053, 233.4176330566406, 1
Lashkari, 967, 18.706465830000468, 76.92640915200053, 508.7265930175781, 1
Kankradi, 1769, 19.993180308000433, 72.76047000400052, 18.0, 1
Raipada, 1964, 19.469305637000446, 72.86267575900052, 23.18265533447266, 1
Junnarpada, 3245, 19.997870243000477, 72.78924030000053, 27.99486923217773, 1
Paraswadi, 1399, 19.866219916000432, 75.37290850700049, 594.9312133789062, 1
Vasantwadi, 2009, 18.94738795100045, 72.82877576800053, 17.07922744750977, 1
Gaurwadi, 1844, 19.236435769000423, 72.81869655800051, 2.0, 1
Asave, 1841, 19.02229730400046, 72.85230867900049, 12.50062370300293, 1
Diwashi, 1380, 19.19572672400045, 72.84009260900052, 12.66550159454346, 1
Dabhadi, 2099, 21.549997501000462, 74.44999990400049, 135.5414123535156, 1
Kinhawali, 2163, 19.35421934900046, 73.47925604500051, 77.51848602294922, 1
Vyahali, 517, 20.04697023400047, 73.03157008800054, 177.3649291992188, 1
Raipur, 2782, 21.083325912000475, 73.83332962600053, 186.1595001220703, 1
Modgaon, 5360, 21.133859861000474, 79.0739500840005, 309.7752685546875, 1
Halapada, 3582, 20.061240064000458, 72.92683010900049, 88.13960266113281, 1
Dhundalwadi, 2059, 20.059620280000445, 72.90451012000051, 65.17222595214844, 1
Pardi, 632, 19.881019102000437, 75.3241373350005, 566.1211547851562, 1
Bramhanwadi, 871, 18.961902620000444, 72.81808901200048, 8.0, 1
Ghadane, 1202, 18.57282106800045, 73.8196512020005, 559.9720458984375, 1
Jingaon, 1493, 20.05950033600044, 72.8561401180005, 47.40536117553711, 1
Gangangaon, 3224, 18.559695146000422, 73.78770221600053, 570.4196166992188, 1
Bodgaon, 495, 20.034960128000478, 72.86594032700049, 58.62237930297852, 1
Nagzari, 3720, 19.597566755000457, 78.26168816300049, 339.6460876464844, 1
Talothe, 529, 19.11150356000047, 72.84110280200053, 13.61049556732178, 1
Punjave, 467, 18.493253662000427, 73.90333206700052, 589.7189331054688, 1
Sasvand, 266, 20.043720344000462, 72.90108013600053, 65.9768295288086, 1
Chinchale, 1449, 20.017120082000474, 72.88862015000052, 80.04505157470703, 1
Pandhartaragaon, 1230, 20.051370095000436, 72.92776012400049, 78.54051208496094, 1
Karanjvira, 1213, 20.02785030500047, 72.93338007300054, 91.93329620361328, 1
Shisne, 1910, 19.114759599000422, 72.89433945000053, 30.42153549194336, 1
Naruli, 1398, 20.03304030500044, 72.9957301880005, 130.8369750976562, 1
Saiwan, 2266, 19.256029063000426, 72.97673613800049, 19.20017242431641, 1
Chalani, 3313, 16.66043889000042, 74.20900578900051, 605.604248046875, 1
Sonale, 905, 19.021136407000427, 72.8419056030005, 9.53766918182373, 1
Vivalvedhe, 1754, 19.967630005000444, 72.89667030900051, 85.47259521484375, 1
Awadhani, 2137, 19.967630005000444, 72.89667030900051, 85.47259521484375, 1
Navnath, 1751, 19.417758211000432, 72.81788673400052, 3.467678785324097, 1
Chandwad, 1282, 20.33332796500048, 74.24999715100051, 767.8413696289062, 1
Vadhane, 1357, 20.054199735000452, 73.8032992900005, 629.0139770507812, 1
Ranshet, 2173, 17.534436833000427, 73.51001981500053, 10.79712677001953, 1
Charoti, 4520, 21.14061932800047, 79.0622661210005, 314.1413879394531, 1
Vaghadi, 1560, 21.383327791000454, 74.84999640900048, 159.0, 1
Suryanagar, 786, 21.152916737000453, 79.14845597300052, 290.8248901367188, 1
Varoti, 1365, 19.911040071000457, 72.9370403360005, 44.70000076293945, 1
Bhisenagar, 3693, 19.912900100000456, 72.91882016900053, 55.07121276855469, 1
Sarani, 1613, 19.119817150000472, 72.8482185420005, 14.88447093963623, 1
Nikane, 1975, 19.147966652000434, 72.92750600700049, 30.34143257141113, 1
Rankol, 2917, 19.87553010700043, 72.8477400910005, 27.6338062286377, 1
Dabhon, 3444, 21.133859861000474, 79.0739500840005, 309.7752685546875, 1
Urse, 1095, 18.51380642600043, 73.86863799200052, 564.684814453125, 1
Mhasad, 422, 19.872390196000424, 72.89736007800053, 36.94362640380859, 1
Ambivali, 798, 19.00407842000044, 73.17659940200053, 28.14707374572754, 1
Nikavali, 524, 19.912900100000456, 72.91882016900053, 55.07121276855469, 1
Ghol, 1655, 18.94560017100042, 72.82913101800051, 15.69111442565918, 1
Tawa, 1905, 18.96173717700043, 72.82873977100053, 8.0482177734375, 1
Dhamatane, 1331, 19.79999929200045, 72.81666734200053, 33.40435791015625, 1
Peth, 734, 18.916669177000472, 73.91666673000049, 767.5648193359375, 1
Dhakti Dahanu, 4903, 19.987721200000465, 72.7525113420005, 12.45762538909912, 1
Dabhale, 1328, 19.878480314000456, 72.7908301870005, 17.25424766540527, 1
Khambale, 1104, 21.449998374000472, 75.06666568200052, 298.7713623046875, 1
Vangaon, 7649, 19.866669876000458, 72.74999675800052, 17.19395637512207, 1
Kolavali, 2048, 19.862640172000454, 72.7429200310005, 22.24512100219727, 1
Vanai, 2953, 18.624496604000456, 73.85831590800052, 598.0, 1
Chandranagar, 2039, 21.149209066000424, 79.14777653300052, 290.7681579589844, 1
Bhavadi, 201, 18.47334601600045, 73.9788557120005, 572.9650268554688, 1
Kosesari, 1092, 19.947670110000445, 73.00370026500053, 75.03439331054688, 1
Murbad, 3004, 19.249999598000443, 73.39999557900052, 74.07941436767578, 1
Vangarje, 2702, 19.87537030000044, 72.94905008600051, 56.26355743408203, 1
Vikramgad, 137625, 18.513558948000423, 73.83258719200052, 570.8383178710938, 1
Therunde, 910, 19.93821015800046, 72.94875004700049, 62.40143203735352, 1
Kawadas, 644, 19.92751018800044, 72.96898008400052, 72.94357299804688, 1
Dhamani, 1323, 17.616667036000422, 74.64999815600049, 709.7037353515625, 1
Sarshi, 3025, 18.935405514000422, 72.83343735400052, 17.50202560424805, 1
Talawade, 3582, 20.94909832300044, 76.2084978580005, 232.3236236572266, 1
Khadaki, 2424, 18.566667735000465, 73.86666716700051, 559.112548828125, 1
Kunj, 2189, 19.167305936000446, 72.85056733400052, 18.67465591430664, 1
Karhe, 1378, 61.72802003800052, 23.43901013000044, 107.0, 1
Varanwadi, 1054, 19.88453021200047, 73.10494014400052, 113.2605819702148, 1
Vittalnagar, 959, 18.69547780500045, 73.85221894900053, 588.4180297851562, 1
Wehelpada, 2459, 19.858370221000428, 73.0965903010005, 93.7776107788086, 1
Ambeghar (Balapur), 1174, 20.722239455000476, 77.00263153000049, 284.0513916015625, 1
Khuded, 1994, 19.848850119000474, 73.14029030000052, 167.6157379150391, 1
Hanumantpada, 807, 18.460628733000476, 73.85165227300052, 651.7725219726562, 1
Sakhare, 2542, 19.91666943900043, 72.79999632100049, 19.73713302612305, 1
Andhari, 617, 20.266666381000448, 75.4833287080005, 643.9071044921875, 1
Tembholi, 430, 19.776770267000472, 73.1607303290005, 87.90969848632812, 1
Pochade, 1046, 19.65987034200043, 72.88950033500049, 5.840592861175537, 1
Onde, 1321, 19.111389663000466, 72.8356291610005, 7.451347827911377, 1
Man, 1263, 18.681389555000464, 72.88527725400053, 15.62404346466064, 1
Deharje, 2276, 19.756240191000472, 73.03878028000048, 32.51878356933594, 1
Tetawali, 1323, 19.13651966800046, 73.01028966000052, 15.97503757476807, 1
Bandhan, 1474, 18.870138806000455, 73.10265746400052, 21.58255386352539, 1
Khandeghar, 643, 19.767800060000468, 73.03973022600053, 41.47019577026367, 1
Chinchghar, 1749, 19.76908029700047, 73.00282007900051, 30.56912612915039, 1
Bhopoli, 1454, 19.459604201000445, 72.77926642200049, 6.408363342285156, 1
Ghaneghar, 1056, 19.215367673000458, 72.83137004000048, 7.746170520782471, 1
Bangarchole, 459, 19.730910201000427, 72.96294015100051, 16.42099761962891, 1
Shil, 697, 19.025388529000452, 72.8424770520005, 8.90758991241455, 1
Zadapoli, 505, 19.753020198000456, 73.06941024800051, 39.33773422241211, 1
Sajan, 589, 21.009829434000437, 75.5730777440005, 216.2122955322266, 1
Malwade, 2974, 18.98572904900044, 76.04098672300051, 505.0, 1
Kurze, 4724, 19.244699068000443, 73.04246630500052, 6.603175163269043, 1
Mhasaroli, 1494, 19.711880320000432, 72.97853008200053, 23.02722930908203, 1
Shilshet, 708, 19.736000188000446, 72.9592300590005, 14.94758987426758, 1
Shelpada, 537, 19.112807081000426, 72.83801413100053, 13.04648971557617, 1
Potkhal, 905, 19.711360323000463, 73.09932019400048, 57.2021598815918, 1
Jawhar, 128147, 19.91666943900043, 73.23332586900051, 470.8376770019531, 1
Ruighar, 793, 20.118690252000476, 73.22765007900051, 99.04352569580078, 1
Bopdari, 1543, 20.117070113000466, 73.22851033300049, 95.75659942626953, 1
Vavar, 2675, 20.08262007300044, 73.2536701940005, 116.8258285522461, 1
Behadgaon, 1608, 20.666667386000427, 75.23332639300048, 260.9765930175781, 1
Dahul, 267, 20.074700180000434, 73.2373502750005, 347.0636291503906, 1
Dabheri, 2366, 20.074950035000427, 73.2008401810005, 403.6955871582031, 1
Kayari, 1283, 19.89999841800045, 78.89999702000051, 224.0, 1
Dabhlon, 1637, 21.133859861000474, 79.0739500840005, 309.7752685546875, 1
Kirmire, 1313, 21.133859861000474, 79.0739500840005, 309.7752685546875, 1
Barawadpada, 712, 20.056710292000446, 73.13047016000053, 239.8662261962891, 1
Ozar, 2171, 20.10546818500046, 73.90808599200051, 597.4796752929688, 1
Medha, 1477, 17.76666572600044, 73.83332962600053, 714.1071166992188, 1
Sakharshet, 2269, 18.643536554000434, 73.77092758100054, 585.9178466796875, 1
Dadhari, 551, 20.04317009400046, 73.2170600870005, 194.1558227539062, 1
Jambhulmaya, 721, 20.050950111000475, 73.23881025100053, 193.2220306396484, 1
Vangani, 1268, 20.11088570500044, 77.13038955200051, 549.7285766601562, 1
Malghar, 720, 19.166199034000442, 72.9544856120005, 10.99616813659668, 1
Dadar Koprapada, 727, 19.013887597000462, 72.8449296440005, 9.826859474182129, 1
Hateri, 1275, 20.022060227000452, 73.25463010600049, 409.026123046875, 1
Ghiwande, 1932, 19.20774544000045, 73.16104568300051, 45.0, 1
Winwal, 2536, 19.986300053000434, 73.23761009500049, 368.3620300292969, 1
Poyshet, 744, 19.97836022800044, 73.20209016500053, 356.1333923339844, 1
Alyachimet, 713, 19.96762003900045, 73.1893002430005, 439.5525817871094, 1
Chandgaon , 593, 19.109678632000453, 72.83857245500053, 8.003761291503906, 1
Anantnagar , 1067, 18.625315531000467, 73.84293627300053, 589.7178955078125, 1
Shivaji Nagar, 1019, 18.53016697400045, 73.8526284130005, 557.1301879882812, 1
Gorthan, 932, 20.033326087000432, 73.4999992050005, 729.3927612304688, 1
Jamsar, 939, 19.970619651000447, 73.2373395130005, 391.6206970214844, 1
Chandranagar , 334, 21.149209066000424, 79.14777653300052, 290.7681579589844, 1
Suryanagar , 1196, 21.152916737000453, 79.14845597300052, 290.8248901367188, 1
Borale, 1627, 18.97002994200045, 73.1870789730005, 32.0640754699707, 1
Kanadhatti, 0, 21.133859861000474, 79.0739500840005, 309.7752685546875, 1
Pimpalgaon, 1143, 18.733328446000428, 73.9666662940005, 574.765380859375, 1
Khadkhad, 682, 19.956610064000472, 73.23168014100048, 421.1749877929688, 1
Bharasatmet, 479, 18.654835258000446, 73.77703166300051, 590.0, 1
Kuturvihir, 546, 19.941890353000474, 73.21402018900051, 470.4241943359375, 1
Adkhadak, 416, 19.937500102000456, 73.17657011500052, 263.4989929199219, 1
Hade, 1241, 18.991578529000435, 75.7593477150005, 511.5091552734375, 1
Kardhan, 317, 19.199109114000464, 72.95621795900053, 27.10243606567383, 1
Tuljapur, 376, 17.99999702000042, 76.08332796600052, 640.62255859375, 1
Dengachimet, 1445, 19.89999841800045, 73.13332674200052, 170.0939331054688, 1
Kalamvihira, 383, 19.88810007200044, 73.15950027600053, 270.4384155273438, 1
Kasatwadi, 452, 19.922200244000464, 73.16056020000053, 200.5396728515625, 1
Rajewadi, 1553, 18.955208257000436, 72.81873715800049, 12.02879238128662, 1
Zap, 2308, 20.013109381000447, 73.7600491280005, 593.3908081054688, 1
Shivajinagar, 667, 18.53016697400045, 73.8526284130005, 557.1301879882812, 1
Dongarwadi, 872, 19.828360262000444, 73.23184030400051, 295.0956115722656, 1
Pathardi, 1856, 19.166666992000444, 75.18332683000051, 545.1783447265625, 1
Chauk, 1328, 18.899998156000436, 73.23332586900051, 37.23897552490234, 1
Medhe, 355, 18.579019139000422, 73.81713556300053, 554.6576538085938, 1
Khidse, 490, 19.810420202000444, 73.20764035500054, 214.9385833740234, 1
Aine, 908, 19.166666992000444, 74.23332613100052, 799.6104125976562, 1
Manmohadi, 277, 19.80957026900046, 73.23912025600049, 104.6203689575195, 1
Bhuritek, 867, 19.80342000200045, 73.35649035000051, 235.6581115722656, 1
Mokhada, 83453, 19.933326961000432, 73.3333294950005, 381.1156005859375, 1
Swaminagar , 687, 20.021500012000445, 73.31565015400048, 439.2049560546875, 1
Shastrinagar , 590, 19.008447533000435, 72.8539870300005, 6.440695285797119, 1
Brahmagaon, 827, 20.549997239000447, 74.29999671500053, 498.8088684082031, 1
Osarvira, 1036, 20.015620242000466, 72.9258602320005, 94.96329498291016, 1
Kalamgaon, 691, 18.64590263700046, 73.76238844800054, 576.4556274414062, 1
Ghanval, 1419, 20.014910185000474, 73.40784009900051, 282.3428344726562, 1
Dandwal, 972, 21.133859861000474, 79.0739500840005, 309.7752685546875, 1
Nilmati, 601, 19.028706113000453, 72.84007601100052, 13.43815612792969, 1
Hirve, 1780, 19.019939513000452, 72.83612811500052, 11.50685691833496, 1
Chas, 2609, 18.933326699000474, 73.83332962600053, 642.7969970703125, 1
Shirasgaon, 905, 18.491668390000427, 72.96832638400053, 15.91384792327881, 1
Adoshi, 941, 18.75959007700044, 73.33022002400048, 99.74657440185547, 1
Botoshi, 1258, 19.80342000200045, 73.35649035000051, 235.6581115722656, 1
Kurlod, 1394, 19.82613007800046, 73.27109025700048, 307.5072326660156, 1
Kevanale, 821, 19.780920274000437, 73.25207034200054, 123.900016784668, 1
Suryamal, 1196, 19.76666625000047, 73.3333294950005, 477.0195007324219, 1
Dhudgaon, 828, 19.75068003600046, 73.35528022800048, 469.7554931640625, 1
Gomghar, 1527, 19.77149022000043, 73.38481005300054, 418.27392578125, 1
Khodala, 3178, 19.78332827100047, 73.39999557900052, 418.1823425292969, 1
Jogalwadi, 999, 17.724640312000474, 73.30521000400051, 168.5485687255859, 1
Wakadpada, 787, 19.739230146000466, 73.45009008700049, 331.8682861328125, 1
Udhale, 1267, 19.759960248000425, 73.41779015000049, 419.5776977539062, 1
Amale, 263, 18.549677243000474, 73.8178689980005, 577.0, 1
Kashti, 570, 18.54999671400043, 74.58332757200048, 520.0, 1
Kiniste, 1303, 19.73409033000047, 73.4196302470005, 466.2828369140625, 1
Kochale, 1077, 19.728970090000473, 73.44891021800049, 350.4974670410156, 1
Kaduchiwadi, 801, 19.71278008100046, 73.4757001850005, 341.5570678710938, 1
Karegaon, 1048, 19.566667997000422, 74.74999728300048, 510.5591430664062, 1
Pachaghar, 648, 19.739750142000446, 73.4790903060005, 352.7642211914062, 1
Karol, 945, 19.06111985800044, 72.8351382030005, 12.37398147583008, 1
Vada, 178370, 19.649996103000433, 73.13332674200052, 42.04646682739258, 1
Khutal, 549, 19.706630169000448, 72.9671403430005, 28.51902961730957, 1
Pimpalas, 1785, 19.199995535000426, 75.59999885500054, 501.654541015625, 1
Apti, 448, 20.00541956300043, 73.71992618900049, 613.5679931640625, 1
Gorhe, 2303, 19.649996103000433, 73.01666559500052, 26.5212516784668, 1
Avandhe, 629, 19.07622837800045, 72.8361992180005, 12.22879028320312, 1
Abje, 949, 19.60435029800044, 73.05897009800049, 37.59402084350586, 1
Nichole, 689, 19.599760020000474, 73.08064018100049, 59.90097045898438, 1
Bhavehar, 888, 19.00065872400046, 72.81629837500049, 10.03861808776855, 1
Khanivali, 2137, 19.583090233000462, 73.0464503180005, 35.01176452636719, 1
Palsai, 1640, 19.59999654000046, 73.01666559500052, 23.90620994567871, 1
Kalambhai, 1445, 19.55149003100047, 73.01720024400049, 34.1673469543457, 1
Devghar, 1120, 18.500829577000445, 73.84841678700053, 571.5040893554688, 1
Biloshi, 1744, 16.983325738000474, 74.03332787800053, 565.299072265625, 1
Pali, 1567, 19.66666712400047, 73.08332717900049, 43.54440307617188, 1
Kadivali, 328, 17.86666935100044, 73.23332586900051, 232.5917053222656, 1
Harosale, 704, 21.537218635000443, 77.11138773800053, 412.8545837402344, 1
Desai, 422, 19.235119418000465, 72.85864861700048, 17.04463577270508, 1
Sonshiv, 723, 19.660440167000445, 73.18106002400049, 63.44852066040039, 1
Pethranjani, 200, 19.644360136000444, 73.13908017800048, 44.56658172607422, 1
Pimparoli, 991, 19.626450330000466, 73.1689000770005, 57.84422302246094, 1
Tuse, 1548, 19.604210066000462, 73.15076034700053, 60.91674041748047, 1
Ainshet, 670, 19.644360136000444, 73.13908017800048, 44.56658172607422, 1
Gandhare, 1677, 16.69783957100043, 74.22415594500052, 566.714599609375, 1
Kiravali, 338, 19.34953976500043, 72.82036601400051, 8.0, 1
Varale, 913, 18.745049906000474, 73.68293947100051, 623.7985229492188, 1
Mangathane, 967, 19.221199031000424, 72.86821116300052, 28.8757438659668, 1
Kondhale, 2268, 19.510880115000475, 73.1131700410005, 36.77862930297852, 1
Vardha, 8, 21.132506548000435, 79.07023941300054, 311.2303161621094, 1
Met, 989, 20.041906826000456, 73.8499781480005, 612.6080932617188, 1
Ghonsai, 976, 19.47430026100045, 73.06920025700049, 26.2303638458252, 1
Dakivali, 1358, 19.469910009000444, 73.06274034000052, 16.70883369445801, 1
Mangrul, 1941, 19.166666992000444, 73.1499977630005, 29.88765144348145, 1
Akhada, 630, 18.60602574300043, 73.78749669300049, 565.0111083984375, 1
Satronde, 106, 18.629467404000422, 73.8548840310005, 596.911865234375, 1
Pachghar, 563, 19.954169894000472, 73.83230923100052, 570.6980590820312, 1
Varsale, 2542, 18.58954304700046, 73.8234155290005, 557.8451538085938, 1
Gargaon, 2479, 19.83785011000043, 72.81376022000052, 31.91705131530762, 1
Shilottar, 400, 19.002706042000455, 73.1417589940005, 15.59293746948242, 1
Sasane, 880, 18.78443941100045, 72.8666669050005, 14.86254787445068, 1
Umrothe, 506, 19.681280248000462, 73.10951013400052, 49.59134674072266, 1
Thunave, 314, 19.684590288000436, 73.12348028100052, 53.89957809448242, 1
Devali, 544, 21.93332748500046, 74.0833274410005, 72.0, 1
Manivali, 408, 17.970749616000433, 73.86095717400053, 714.255126953125, 1
Dahivali Kumbhiste, 799, 19.256008323000458, 72.85252799400052, 23.93036842346191, 1
Mandava, 942, 17.54999645200047, 73.9833283150005, 786.6435546875, 1
Parali, 1003, 19.71666668700044, 73.2499968890005, 119.6676559448242, 1
Khodade, 180, 19.725770029000444, 73.31185001500052, 193.3334503173828, 1
Tilmal, 493, 19.23388167000047, 73.16567654400052, 23.80694580078125, 1
Dhadhare, 568, 19.24790388800045, 73.0082690750005, 1.792483329772949, 1
Kambare, 1532, 19.57181011600045, 73.18521003100051, 62.73678588867188, 1
Abitghar, 2828, 18.507910317000437, 72.93455033200053, 15.62112236022949, 1
Savarkhand, 737, 19.592120235000436, 73.16135033900053, 69.84586334228516, 1
Kone, 1564, 19.114156652000474, 72.85925606300049, 27.9991397857666, 1
Goleghar, 168, 19.564110181000444, 73.1339200750005, 74.60115814208984, 1
Tilgaon, 944, 19.560500102000447, 73.14187022100049, 65.63053131103516, 1
Devgaon, 1224, 20.01666856500043, 74.2666681720005, 522.7730102539062, 1
Zadkhaire, 408, 19.52970000400046, 73.13375030200052, 40.93064117431641, 1
Mhaswal, 1120, 21.133859861000474, 79.0739500840005, 309.7752685546875, 1
Chendavali, 555, 19.54490020500043, 73.17766029300049, 51.63187026977539, 1
Kuyalu, 844, 21.148606119000476, 79.12167884900049, 304.7361450195312, 1
Palghar, 481236, 19.68332914500047, 72.74999675800052, 10.13799381256104, 1
Ghivali, 2396, 19.847690182000463, 72.69840035300052, 13.22721099853516, 1
Sawarai, 359, 17.950096448000465, 73.94060910600052, 746.8343505859375, 1
Kambode, 878, 19.014387005000458, 73.1050962480005, 5.685953617095947, 1
Kudan, 2334, 19.78332827100047, 73.08332717900049, 48.32173156738281, 1
Dahisar T. Tarapur, 2020, 20.382168593000472, 78.11872973800052, 462.8309020996094, 1
Ambatpada, 950, 19.835100285000465, 72.75659013900048, 17.89480781555176, 1
Mundwali, 879, 19.835100285000465, 72.75659013900048, 17.89480781555176, 1
Salgaon, 2379, 18.468198473000427, 73.85626859000052, 624.7847290039062, 1
Parnali, 986, 19.012488174000453, 72.84225657100052, 8.76205062866211, 1
Akkarpatti, 478, 19.835160080000435, 72.69641005800048, 12.37146472930908, 1
Ranishigaon, 1607, 19.82512033800043, 72.78185001300051, 23.33068466186523, 1
Hanuman Nagar, 1691, 19.301556023000444, 72.8563493210005, 5.605683326721191, 1
Sumadi, 1066, 19.03417624900044, 72.84033974100049, 12.47174549102783, 1
Chinchare, 913, 19.127994025000476, 72.8643950390005, 44.47416687011719, 1
Akegavhan, 784, 19.841040205000468, 72.86340013800049, 31.0068531036377, 1
Nanivali, 3288, 18.903790356000457, 73.25423005400052, 52.1385612487793, 1
Ambedhe, 817, 19.838930322000465, 72.89109022200051, 36.11947631835938, 1
Barhanpur, 3522, 19.84999885500048, 72.93332849000052, 48.71629333496094, 1
Somate, 1761, 19.101200168000446, 72.8470992820005, 16.10012435913086, 1
Mendhwan, 802, 19.65604030500043, 74.36648028000053, 573.9932861328125, 1
Ravate, 927, 18.56550683800043, 73.80745692200048, 556.2422485351562, 1
Khanivade, 966, 19.483326393000425, 72.91666646800053, 7.106363296508789, 1
Shigaon, 4642, 18.491668390000427, 72.96832638400053, 15.91384792327881, 1
Khutad, 602, 19.82512033800043, 72.78185001300051, 23.33068466186523, 1
Kukade, 886, 18.47236960300046, 73.85880636500053, 608.4732055664062, 1
Borsheti, 1949, 19.833327834000443, 72.84999588500051, 28.37712669372559, 1
Kirat, 1717, 19.863236680000455, 75.35429815800052, 589.8702392578125, 1
Gundale, 3409, 18.730907661000458, 76.38513868400054, 635.2064819335938, 1
Mahagaon, 1091, 16.149999685000466, 74.33332975700051, 635.9242553710938, 1
Kambalgaon, 101, 19.758000206000474, 72.7664700740005, 13.77234935760498, 1
Betegaon, 2832, 18.466668609000465, 75.23332639300048, 530.49169921875, 1
Nihe, 2246, 18.956134792000455, 72.8204588150005, 12.47973155975342, 1
Chahade, 2293, 18.468288465000455, 73.85712801400052, 621.6393432617188, 1
Khadkoli, 2126, 18.949561385000436, 72.79756865100052, 47.2199592590332, 1
Tandulwadi, 1829, 17.74999920500045, 76.09999898600051, 485.6900634765625, 1
Rambag, 465, 19.03039658500046, 72.8531591040005, 9.155911445617676, 1
Makunsar, 2500, 19.575030108000476, 72.77628024900054, 14.11144828796387, 1
Vilangi, 1956, 19.594010161000426, 72.73747021100053, 4.344487190246582, 1
Khatali, 92, 19.366669745000422, 73.23332586900051, 23.09414100646973, 1
Dande, 682, 18.416939022000463, 72.9116674120005, 13.41870594024658, 1
Usarani, 1490, 18.584657139000456, 73.81906589100049, 557.974609375, 1
Tighare, 829, 19.594010161000426, 72.73747021100053, 4.344487190246582, 1
Ambodegaon, 358, 19.594010161000426, 72.73747021100053, 4.344487190246582, 1
Agarwadi, 1414, 19.048017021000476, 72.92664658300049, 8.1477632522583, 1
Pargaon, 1597, 18.54999671400043, 74.3666672980005, 532.836669921875, 1
Sonave, 2650, 18.991313819000425, 73.10617820200054, 5.956672668457031, 1
Uchavali, 294, 19.551860186000454, 72.85064011300051, 7.206737518310547, 1
Saphale, 4396, 19.015745885000456, 73.03832667300048, 10.46004295349121, 1
Nagavepada, 642, 19.561520163000466, 72.7749800790005, 8.0, 1
Nagave, 542, 19.561520163000466, 72.7749800790005, 8.0, 1
Chatale, 1090, 19.077562806000458, 73.0007890710005, 6.285429954528809, 1
Bhadave, 634, 19.839595778000444, 75.23994980500049, 539.9398803710938, 1
Mathane, 649, 18.833327572000428, 74.23332613100052, 600.7816772460938, 1
Vedhi, 1444, 18.33332744100045, 75.96666681800053, 678.879638671875, 1
Manjurli, 102, 19.561520163000466, 72.7749800790005, 8.0, 1
Vitthalwadi, 881, 19.104648996000435, 72.99929713600051, 9.619482040405273, 1
Karwale, 1489, 20.004699627000434, 73.79278822300051, 564.3743896484375, 1
Kharmendi, 0, 21.133859861000474, 79.0739500840005, 309.7752685546875, 1
Datiware, 490, 19.473840058000462, 72.7561900870005, 8.039003372192383, 1
Khadkawane, 315, 19.79903010600043, 72.9173502270005, 62.41196441650391, 1
Wade, 1376, 19.253419294000423, 72.85847763200053, 10.32721710205078, 1
Velgaon, 1474, 21.133859861000474, 79.0739500840005, 309.7752685546875, 1
Chilhar, 777, 18.392996646000427, 77.10951590400049, 644.8009033203125, 1
Damkhind, 596, 19.754380162000473, 72.8857603460005, 28.20122146606445, 1
Kondhan, 1804, 19.744760048000444, 72.89149027400049, 16.49266242980957, 1
Awadhan, 1744, 16.408996702000422, 74.14236670200052, 586.7843627929688, 1
Ambhan, 660, 19.71419022900045, 72.89852001600053, 14.1416540145874, 1
Wasaroli, 232, 19.717930218000447, 72.85783001800053, 14.6182746887207, 1
Wakadi, 311, 18.603186495000443, 73.76254640700051, 570.4319458007812, 1
Takwahal, 1646, 19.707380089000424, 72.91981033400049, 17.96060943603516, 1
Sawarkhand, 1274, 19.710970237000424, 72.9291300530005, 9.159050941467285, 1
Karalgaon, 1220, 19.69984031700045, 72.9555000360005, 17.26733207702637, 1
Durves, 2766, 19.192305717000465, 72.97248851500052, 13.54016017913818, 1
Tamsai, 1125, 19.366669745000422, 77.6166659000005, 412.9485778808594, 1
Netali, 388, 19.96427971400044, 73.83345561400051, 584.0896606445312, 1
Kharshet, 688, 19.701640196000426, 72.87454002400051, 19.58049964904785, 1
Wandivali, 544, 19.69783009100047, 72.85398005000053, 7.031068325042725, 1
Maswan, 1667, 19.068640487000437, 72.82285723500053, 7.123041152954102, 1
Gowade, 1042, 19.702389454000468, 72.87781691600048, 23.30207443237305, 1
Vasai, 121012, 19.349998724000443, 72.79999632100049, 9.167498588562012, 1
Tembhi, 3220, 19.74999972900048, 77.83332617400049, 285.0, 1
Kolhapur, 1092, 16.699999379000474, 74.21666860900052, 554.5892944335938, 1
Patilgaon, 1529, 19.43082022000044, 72.76244001200052, 8.620811462402344, 1
Mukkam, 2490, 18.99653708900047, 72.81642886300051, 11.42419815063477, 1
Arnala, 15331, 19.466668871000422, 72.71666821600053, -0.7923257946968079, 1
Satpale, 3751, 19.340380325000467, 72.7923403480005, 2.381979942321777, 1
Kalamb, 5329, 19.049996846000454, 73.94999977300051, 629.2882690429688, 1
Khardi, 1293, 19.583325519000425, 73.38332905800053, 231.9192047119141, 1
Dolivpada, 690, 19.47821002300043, 72.85515030900052, 14.41256618499756, 1
Kopri, 10180, 19.022846255000445, 72.84241855700049, 9.523958206176758, 1
Bhatpada, 2120, 19.469629608000446, 72.8424095580005, 6.264927864074707, 1
Sakawar, 3375, 19.237701229000436, 72.86124770200053, 17.24324417114258, 1
Chimane, 245, 18.477157178000425, 73.82443841500049, 566.94384765625, 1
Hedavade, 683, 19.500620059000425, 72.8761800950005, 6.939435482025146, 1
Khaniwade, 2386, 19.483326393000425, 72.91666646800053, 7.106363296508789, 1
Bhaliwali, 884, 19.488790049000443, 72.90432006000049, 2.004014015197754, 1
Navasai, 1131, 19.860577416000467, 75.36271691100052, 598.20751953125, 1
Bhatane, 4786, 19.216738549000468, 72.9571673740005, 33.44303512573242, 1
Vadghar, 989, 19.293888703000448, 73.0131694050005, 8.238003730773926, 1
Kalambhon, 1081, 19.482310201000473, 72.98115035300049, 13.38918876647949, 1
Ambode, 831, 19.05835798500044, 72.83524110900049, 13.99796009063721, 1
Thane, 15623, 19.199995535000426, 72.96666603200049, 16.59060096740723, 1
Bhiwandi, 431721, 19.29999916100047, 73.06666965700049, 24.20497512817383, 1
Khadaki   Bk., 961, 20.66690009900043, 77.03310024600052, 297.4165649414062, 1
Chimbipada, 1488, 19.339460276000466, 73.00334007600048, 14.96615314483643, 1
Dhamane, 831, 19.79999929200045, 72.81666734200053, 33.40435791015625, 1
Lakhivali, 2024, 19.347140280000474, 73.01492023200052, 14.05387878417969, 1
Paygaon, 2251, 19.300030228000423, 72.98180025900052, 7.412408351898193, 1
Paye, 1919, 18.97495700400043, 72.81378759800049, 9.932991981506348, 1
Brahmangaon, 1424, 20.549997239000447, 74.29999671500053, 498.8088684082031, 1
Firangpada, 671, 19.295480170000474, 73.00013004900052, 1.98844039440155, 1
Tembhavali, 1667, 19.301300145000425, 73.0129900870005, 3.444370031356812, 1
Junandurkhi, 1796, 19.29985013400045, 73.0187000840005, 16.64023017883301, 1
Borpada, 1476, 21.133329975000436, 73.93332875200053, 218.7132415771484, 1
Dahyale, 196, 19.98089009500046, 72.9476602250005, 104.6116485595703, 1
Malodi, 1732, 19.03357780300047, 73.01627862900051, 11.71476078033447, 1
Kalwar, 2978, 19.283845594000468, 73.02511584500053, 9.800981521606445, 1
Dive, 2062, 19.183329014000435, 73.03332761600052, 2.0, 1
Koshimbe, 1092, 20.004432556000438, 73.7545409980005, 604.0532836914062, 1
Hiwali, 883, 21.133859861000474, 79.0739500840005, 309.7752685546875, 1
Sakharoli, 563, 19.36305018200045, 73.06449003400053, 28.39019393920898, 1
Supegaon, 1224, 18.849998593000464, 76.7666688270005, 441.4993896484375, 1
Lamaj, 515, 17.74999920500045, 73.64999789400053, 645.4408569335938, 1
Awalwate, 829, 19.366720055000428, 73.11796034500048, 28.74769401550293, 1
Vadvali Tarf  Sonale, 98, 19.28887022300046, 73.08492130500053, 21.5377140045166, 1
Dalepada, 684, 19.36716032500044, 73.16265015200048, 19.71859550476074, 1
Vafale, 795, 19.354070008000463, 73.1782201520005, 14.41629695892334, 1
Kurund, 1503, 19.340950150000424, 73.15867027400049, 38.73208999633789, 1
Angaon, 4141, 18.45528911900044, 73.8535283330005, 668.4703369140625, 1
Parivali, 1721, 19.14331318100045, 72.80597499900051, 9.26340389251709, 1
Alkhivali, 491, 19.31859029700047, 73.04699024600052, 11.47261810302734, 1
Kolivali, 2854, 19.322410012000432, 73.05791017400048, 26.26906204223633, 1
Sontakka, 818, 18.517931838000436, 73.8313290860005, 577.231201171875, 1
Vaghivali, 1237, 18.996429099000466, 73.05107854100049, 8.395312309265137, 1
Ashivali, 5, 21.133859861000474, 79.0739500840005, 309.7752685546875, 1
Zidake, 2729, 19.439620298000477, 73.06917000400051, 30.99932289123535, 1
Ambadi, 3060, 18.597759976000475, 73.77518578500053, 568.8087158203125, 1
Ravadi, 337, 21.141168279000453, 79.0629095640005, 312.2514038085938, 1
Dighashi, 2296, 19.478730019000466, 73.10505012200053, 35.84835433959961, 1
Chinchawali, 632, 18.966668740000443, 73.3333294950005, 44.78666687011719, 1
Eksal, 794, 19.480100305000462, 73.12824033200053, 42.04770660400391, 1
Sagaon, 573, 20.39999854900043, 76.2166691330005, 615.8057250976562, 1
Devchole, 331, 19.491680105000455, 73.15627031800051, 41.72407531738281, 1
Kushivali, 290, 18.48816750000043, 73.86209818000049, 591.881103515625, 1
Shirgaon, 655, 18.491668390000427, 72.96832638400053, 15.91384792327881, 1
Mohandul, 1982, 18.954516194000462, 72.8198652910005, 12.61538410186768, 1
Tungarthan, 0, 21.133859861000474, 79.0739500840005, 309.7752685546875, 1
Tulshi, 358, 18.514058404000423, 73.85476572300053, 565.9068603515625, 1
Rahur, 914, 20.316665944000476, 77.01666664300052, 478.7107543945312, 1
Kumbharshiv, 747, 19.371000327000445, 73.19102004000052, 17.70281219482422, 1
Bhokari, 1388, 21.166667517000462, 75.36666756000051, 176.8136138916016, 1
Kashivali, 620, 19.346280025000453, 73.0965903010005, 20.62537574768066, 1
Dhamangaon, 1896, 20.666667386000427, 76.0166663810005, 383.5636291503906, 1
Khandape, 1233, 19.02196386500043, 72.8412115480005, 10.52222156524658, 1
Chinchavali  Tarf Sonale, 1138, 19.28887022300046, 73.08492130500053, 21.5377140045166, 1
Vadape, 1623, 19.314500085000475, 73.12152023900052, 19.67974472045898, 1
Borivali  Tarf Sonale, 430, 19.28887022300046, 73.08492130500053, 21.5377140045166, 1
Vahuli, 818, 19.328210056000444, 73.14886010000049, 22.25384140014648, 1
Talavali Tarf Sonale, 1837, 19.28887022300046, 73.08492130500053, 21.5377140045166, 1
Aatkoli, 463, 19.353880304000427, 73.17848032800049, 14.80246734619141, 1
Arjunali, 1580, 19.11885764800047, 72.8427411450005, 27.44498443603516, 1
Dohole, 1644, 19.355190083000423, 73.21171028000049, 12.16513442993164, 1
Kasane, 1546, 19.137046121000424, 72.83289740200053, 7.32867431640625, 1
Koshimbi, 1409, 20.004432556000438, 73.7545409980005, 604.0532836914062, 1
Kalambholi, 430, 19.65253024000043, 73.21120024900051, 58.07699584960938, 1
Janwal, 482, 18.54999671400043, 76.74999780700051, 631.4730834960938, 1
Lonad, 2409, 18.03332556300046, 74.1833265680005, 599.2642822265625, 1
Muthaval, 591, 18.467523226000424, 73.86097523500052, 618.8265380859375, 1
Bapgaon, 892, 19.281879269000456, 73.14471973100052, 10.18650245666504, 1
Elkunde, 725, 19.272600321000425, 73.1312400110005, 19.70524978637695, 1
Gholgaon, 1297, 19.270160145000432, 73.11488022800052, 16.79890632629395, 1
Saravali, 3532, 19.94999798100048, 72.7666677790005, 2.750502586364746, 1
Rajnagar , 831, 18.486129382000456, 73.86064670200051, 593.3631591796875, 1
Ranjnoli, 5618, 19.244100167000454, 73.09001008500053, 2.705497264862061, 1
Pimpalghar, 1736, 19.25613705300043, 73.08935664400053, 10.0, 1
Pimpalner, 2258, 18.04999658300045, 75.29999697700049, 527.2128295898438, 1
Kailasnagar, 707, 19.19823274600043, 72.84671008600048, 16.32195663452148, 1
Gundavali, 2926, 19.12114903200046, 72.85378904800052, 19.06105995178223, 1
Dapode, 3026, 19.24688587400044, 73.03940657700053, 10.07237720489502, 1
Mankoli, 3421, 19.239407538000478, 73.0432987310005, 9.396075248718262, 1
Sarang, 893, 19.08925586200047, 72.83830592200053, 6.864629745483398, 1
Surai, 1661, 18.507776961000445, 72.92249795100048, 12.81301307678223, 1
Anjur, 3807, 19.891116206000447, 75.35897774300054, 596.541015625, 1
Bharodi, 1533, 19.04938939900046, 73.0206882380005, 10.54690456390381, 1
Alimghar, 1345, 19.192750061000424, 73.04221026400052, 2.306948184967041, 1
Kharbav (CT), 5250, 19.28789888500046, 73.02848356600049, 15.87560939788818, 1
Shahapur, 314103, 19.449997850000443, 73.3333294950005, 51.22499465942383, 1
Taharpur, 714, 19.549996977000433, 73.2499968890005, 73.42373657226562, 1
Dimbhe, 397, 19.51757031000045, 73.19427028600052, 76.95048522949219, 1
Vedvahal, 589, 19.509920203000434, 73.20448015700049, 96.91158294677734, 1
Vehlonde, 660, 19.51757031000045, 73.19427028600052, 76.95048522949219, 1
Koshimbade, 1054, 19.474090269000442, 73.18365004100053, 53.88328552246094, 1
Piwali, 649, 18.509446313000467, 73.85910783800051, 569.6650390625, 1
Vandre, 980, 18.391385789000424, 72.9847184300005, 105.9724426269531, 1
Bhorande, 0, 19.33659015100045, 73.68955010600052, 180.0547790527344, 1
Mahuli, 274, 19.46605692500043, 73.24906997200048, 719.1946411132812, 1
Awale, 1461, 19.85388651000045, 75.34351711500051, 574.9656982421875, 1
Karade, 270, 18.876577734000477, 73.16268663700049, 8.352523803710938, 1
Chandroti, 1013, 19.972387994000428, 73.7691068250005, 613.0582275390625, 1
Mamnoli, 608, 19.266666119000433, 73.28332993100048, 64.6960678100586, 1
Savaroli Bk., 1581, 18.49558740700047, 73.81490415600052, 575.9127807617188, 1
Pendharghol, 952, 19.526670072000456, 73.3748500370005, 192.7077484130859, 1
Pundhe, 858, 21.133859861000474, 79.0739500840005, 309.7752685546875, 1
Cherpoli, 6193, 19.457360332000462, 73.31983005800049, 56.95735549926758, 1
Aware, 1346, 18.512866009000447, 73.8451365780005, 559.6751098632812, 1
Kharivali , 1361, 19.638450114000477, 73.03966011000051, 35.68515777587891, 1
Saralambe, 1873, 18.51052280500045, 73.8285775280005, 573.584716796875, 1
Khutadi, 342, 19.473650354000426, 73.3787000040005, 54.4774055480957, 1
Balwandi, 543, 19.116608935000443, 72.84771908700048, 17.59584426879883, 1
Golbhan, 512, 19.600850198000444, 73.39522030600051, 229.0940551757812, 1
Umbarkhand, 677, 19.45236003600047, 73.18997008100052, 44.61956787109375, 1
Ratandhale, 514, 19.558520129000442, 73.37376021500052, 215.64794921875, 1
Chande, 211, 19.366669745000422, 74.93332901400049, 519.3829345703125, 1
Dalkhan, 1644, 17.854470036000464, 73.18972022700052, 218.2402191162109, 1
Patol, 1857, 18.949799737000433, 72.83479623300053, 12.23263931274414, 1
Susarwadi, 1044, 19.572110155000473, 73.4832801760005, 245.8980255126953, 1
Pingalwadi, 162, 19.560220350000463, 73.48251032400049, 255.5791320800781, 1
Dhakane, 1882, 18.993756336000445, 75.75833980400051, 509.105712890625, 1
Kothale, 1233, 19.449997850000443, 76.1333275290005, 481.8055419921875, 1
Kalbhonde, 997, 19.535050167000463, 73.57159025600049, 291.2197875976562, 1
Palheri, 788, 19.568350235000423, 73.4012200200005, 225.0813598632812, 1
Pachiware, 0, 21.133859861000474, 79.0739500840005, 309.7752685546875, 1
Kothare, 2138, 19.186595724000426, 72.8466391820005, 16.0, 1
Julawani, 1382, 19.51487031400046, 73.4782902020005, 234.3310089111328, 1
Sakadbav, 1640, 19.210921108000434, 73.10625890300048, 14.97993183135986, 1
Jambhulwad, 665, 19.510860183000432, 73.55046010100051, 265.0948486328125, 1
Roadvahal, 476, 19.551520284000446, 73.55535006200051, 184.2188720703125, 1
Talwade, 999, 18.671449937000432, 73.78564735700053, 599.2008056640625, 1
Hinglud, 404, 19.526480012000434, 73.58245003400049, 287.1319274902344, 1
Gandulwad, 820, 19.52434023100045, 73.5852101800005, 288.6109924316406, 1
Chondhe Bk., 1763, 18.587655160000452, 73.7835618570005, 565.1346435546875, 1
Panchghar, 822, 19.954169894000472, 73.83230923100052, 570.6980590820312, 1
Adivali, 624, 19.207266890000426, 73.1234456190005, 21.74723243713379, 1
Manekhind, 618, 19.429640351000444, 73.51196006800052, 105.0867538452148, 1
Apate, 1911, 19.960086086000445, 73.73832955600051, 654.5303344726562, 1
Lingayate, 536, 19.462020013000426, 73.45956000400048, 106.8628463745117, 1
Kulhe, 493, 19.07677846900043, 73.01039765100052, 5.943735599517822, 1
Shenawe, 1663, 19.448170167000455, 73.43439017700052, 93.22119903564453, 1
Satgaon, 1396, 20.39999854900043, 76.2166691330005, 615.8057250976562, 1
Kasagaon, 930, 19.469050111000456, 73.36838015500052, 57.71804046630859, 1
Dhasai, 2148, 19.266666119000433, 73.5999983310005, 131.7935638427734, 1
Mangaon, 486, 18.23332831500045, 73.28332993100048, 10.74650382995605, 1
Shivaneri, 1176, 19.151908302000436, 72.92763649500051, 47.80991363525391, 1
Kudshet, 610, 19.421550329000468, 73.46120007500053, 97.94515991210938, 1
Narayangaon, 1317, 19.116667429000472, 73.9833283150005, 656.3400268554688, 1
Malegaon, 862, 20.549997239000447, 74.53332800900051, 431.1026000976562, 1
Bedisgaon, 904, 19.088350341000478, 73.29172034700053, 51.66685485839844, 1
Umbhrai, 1314, 19.405210122000426, 73.46567005200052, 89.45950317382812, 1
Asnoli, 3068, 19.18123005500047, 73.34809032300052, 94.08380889892578, 1
Partoli, 546, 19.376420251000468, 73.45518007400051, 70.82295989990234, 1
Pofodi, 401, 19.42235007700043, 73.47663019900051, 110.7338333129883, 1
Kharid, 1022, 19.068335712000476, 72.83445871100048, 12.90492343902588, 1
Kanadi, 969, 19.833327834000443, 76.46666694900051, 480.4748840332031, 1
Kharangan, 825, 20.914400312000453, 78.4747503210005, 294.1914978027344, 1
Chikhalgaon, 1962, 18.45166694000045, 72.93027776100053, 265.3572082519531, 1
Shirvanje, 644, 21.133859861000474, 79.0739500840005, 309.7752685546875, 1
Nadgaon , 645, 17.46666834700045, 73.61666935200049, 49.68663024902344, 1
Sogaon, 1511, 20.599996802000476, 75.61666987600051, 369.9197692871094, 1
Dahagaon, 1230, 19.49999741300047, 75.18332683000051, 472.414794921875, 1
Sarmal, 956, 18.636218063000456, 73.79085789400051, 566.6674194335938, 1
Bhatsai, 1706, 18.472860199000422, 73.09313006400049, 4.947420597076416, 1
Khativali, 2951, 19.43242007200047, 73.06763030100052, 30.48703002929688, 1
Vehloli, 1697, 19.372400154000445, 73.5143002310005, 82.14315032958984, 1
Pashane, 916, 19.407310040000425, 73.30282001300048, 53.85835647583008, 1
Valshet, 786, 19.419290248000436, 73.30957000300049, 59.25155258178711, 1
Kalambhe, 3707, 19.661470194000458, 73.24912013500051, 68.04281616210938, 1
Vafe, 3760, 19.446330069000453, 73.32439008300048, 52.2342414855957, 1
Sapagaon, 3160, 19.447350131000462, 73.34997028300052, 36.87597274780273, 1
Khutghar, 1205, 19.445080084000438, 73.3528101550005, 44.83348846435547, 1
Hiv, 1404, 18.43846961100047, 73.89557710200052, 682.8057250976562, 1
Nehroli, 875, 19.601900157000443, 73.11941000000053, 47.19522857666016, 1
Jambhe, 785, 19.798560294000424, 73.12099027700049, 89.486572265625, 1
Shendrun, 557, 19.37021018900043, 73.37104028800053, 87.31619262695312, 1
Gokulgaon, 695, 19.21117236900045, 72.87105401100052, 26.54159736633301, 1
Ras, 340, 18.571437312000455, 73.8218871410005, 560.0195922851562, 1
Ambivali , 390, 19.00407842000044, 73.17659940200053, 28.14707374572754, 1
Shere, 1935, 21.371039381000458, 74.24139841400051, 208.2090911865234, 1
Vaveghar, 2481, 19.650720039000475, 73.00810012700049, 47.51941680908203, 1
Khadavali, 5234, 19.345859091000477, 73.21773925200051, 27.0613956451416, 1
Ozarli, 499, 19.320210081000425, 73.21314000300049, 31.14371299743652, 1
Chinchavali, 879, 18.966668740000443, 73.3333294950005, 44.78666687011719, 1
Nadgaon, 1471, 17.46666834700045, 73.61666935200049, 49.68663024902344, 1
Pitambare Nagar, 465, 19.11610752000047, 72.83251072700051, 9.59305191040039, 1
Danbav, 829, 21.133859861000474, 79.0739500840005, 309.7752685546875, 1
Ushid, 837, 21.235848878000468, 78.90790731800053, 339.1118469238281, 1
Phalegaon, 2263, 19.307930190000434, 73.28055020800053, 33.82043838500977, 1
Utane, 946, 19.283328140000435, 72.7833298000005, 0.155364990234375, 1
Nimbavli, 1071, 19.307300215000453, 73.22008005300052, 18.3530445098877, 1
Vasundri, 1164, 19.296940146000452, 73.21290011500048, 7.425638675689697, 1
Konderi, 759, 19.291690352000444, 73.20473001100049, 22.75560188293457, 1
Guravali, 1841, 19.320755819000453, 73.21300567200052, 30.6256103515625, 1
Dahivali, 647, 19.255997565000428, 72.85250666200051, 23.9516429901123, 1
Mhaskal, 1226, 19.27665031500044, 73.27687001300052, 55.39336013793945, 1
Ghotsai, 2902, 19.71666668700044, 73.6333268730005, 582.6682739257812, 1
Rayate, 2516, 19.249999598000443, 73.2166683470005, 32.57996368408203, 1
Goveli, 1264, 19.24395032500047, 73.26932027600049, 67.85225677490234, 1
Revati, 324, 19.45616680300043, 72.81668984000049, 10.10408973693848, 1
Anakhar, 679, 19.27662006100047, 73.24990030800052, 41.24877166748047, 1
Bapsai, 734, 19.266666119000433, 73.26666791000054, 57.41308212280273, 1
Kolimb, 720, 19.27370010800047, 73.28113035500053, 73.08740234375, 1
Ambarnath, 125011, 19.199995535000426, 73.16666878400054, 43.3027229309082, 1
Nevali, 2496, 19.181038717000433, 73.14205596800053, 23.09427070617676, 1
Kakadwal, 1879, 21.133859861000474, 79.0739500840005, 309.7752685546875, 1
Kakole, 597, 19.168510249000462, 73.19366024200053, 69.46512603759766, 1
Bohonoli, 927, 19.15744012400046, 73.19101007400053, 77.43265533447266, 1
Shiravali, 600, 18.13332918900045, 73.9833283150005, 601.750244140625, 1
Dhoke, 793, 18.548498347000475, 75.00886831100053, 586.1666259765625, 1
Chirad, 515, 19.06328217300046, 72.8932130010005, 6.752177715301514, 1
Posari, 1279, 18.897460350000472, 73.14785000400053, 40.00341796875, 1
Amboshi, 0, 21.133859861000474, 79.0739500840005, 309.7752685546875, 1
Kharad, 1030, 19.225337286000467, 73.1234456190005, 20.82410430908203, 1
Kumbharli, 487, 19.12747002700047, 73.14750013600053, 32.92607879638672, 1
Narhen, 1341, 21.133859861000474, 79.0739500840005, 309.7752685546875, 1
Asode, 0, 19.158068255000444, 72.99333966500052, 1.703411817550659, 1
Burdul, 880, 21.133859861000474, 79.0739500840005, 309.7752685546875, 1
Usatane, 1197, 21.133859861000474, 79.0739500840005, 309.7752685546875, 1
Bandhanwadi, 357, 18.870138806000455, 73.10265746400052, 21.58255386352539, 1
Adivali Dhokali  (N.V.), 6910, 19.22270382500045, 72.98231957900049, 14.33761882781982, 1
Chinchpada  (N.V.), 13220, 18.73329282000043, 73.0943416610005, 13.13304233551025, 1
Sai, 1344, 19.77832921500044, 72.69381924300052, 2.047446489334106, 1
Chamtoli, 896, 16.96666821600047, 73.83332962600053, 599.9505004882812, 1
Jambhale, 633, 18.75053941900046, 73.86622620600053, 619.8377685546875, 1
Kanhor, 1633, 21.133859861000474, 79.0739500840005, 309.7752685546875, 1
Chargaon, 3436, 21.399998811000444, 79.28332700400051, 351.0665893554688, 1
Shil , 616, 19.025388529000452, 72.8424770520005, 8.90758991241455, 1
Indgaon, 844, 19.692790288000424, 73.0335101980005, 50.65079498291016, 1
Savare, 1282, 20.499997676000476, 78.0833284900005, 296.91845703125, 1
Devaloli, 461, 19.128160153000465, 73.2907700450005, 32.49353408813477, 1
Tan, 43, 20.021447141000465, 73.7925497440005, 587.0656127929688, 1
Khuntavali, 0, 19.20626977300043, 73.19959973900052, 29.6436882019043, 1
Bendshil, 943, 19.19555673700046, 72.83949279000052, 12.20031070709229, 1
Goregaon, 1579, 18.16666673000043, 73.29999645200053, 13.60407829284668, 1
Kudsavare, 1172, 21.133859861000474, 79.0739500840005, 309.7752685546875, 1
Karav, 1757, 19.150828398000442, 72.84929844600049, 10.51955699920654, 1
Dhavale, 1167, 19.45583833200044, 72.81565943200053, 9.921173095703125, 1
Vangani (CT), 12628, 18.994494811000436, 73.1796068640005, 20.93022727966309, 1
Hireghar, 225, 19.280200243000422, 73.29872019100048, 77.48298645019531, 1
Wadu, 107, 19.308570131000465, 73.30855029700052, 34.14001083374023, 1
Anandnagar , 487, 18.625315531000467, 73.84293627300053, 589.7178955078125, 1
Waghivali, 1204, 19.281120292000423, 73.34259031800053, 85.99993133544922, 1
Nadhai, 1116, 18.469939819000444, 73.86393591000052, 615.7833862304688, 1
Sajai, 1489, 19.018486142000427, 72.84116766800048, 7.682857036590576, 1
Malinagar , 905, 17.89692916600046, 75.05293740000053, 487.4700622558594, 1
Fansoli, 1301, 19.228420188000428, 73.38567030700051, 98.43791961669922, 1
Shastrinagar, 1450, 19.008447533000435, 72.8539870300005, 6.440695285797119, 1
Vehare, 474, 19.225090217000457, 73.41504032500052, 91.10244750976562, 1
Bhuwan, 1188, 13.08265787400046, 80.2621656440005, 10.49618625640869, 1
Khateghar, 963, 19.262540291000448, 73.44454025400051, 82.28376770019531, 1
Kalamkhande, 987, 21.133859861000474, 79.0739500840005, 309.7752685546875, 1
Kondesakhare, 623, 19.261900350000474, 73.46384027700049, 101.2864456176758, 1
Jamghar, 533, 19.603790083000433, 73.10298010200052, 46.17114639282227, 1
Dahigaon, 776, 19.49999741300047, 75.18332683000051, 472.414794921875, 1
Shedali, 804, 19.202506312000423, 72.85360906400052, 19.49030685424805, 1
Manivali Shirvali, 1480, 18.523513367000476, 73.8411482730005, 568.6707763671875, 1
Nhave, 928, 18.949997719000464, 72.96666603200049, 1.578718900680542, 1
Tondali, 842, 17.923590072000422, 73.18915004600052, 69.57360076904297, 1
Borgaon, 884, 16.599995753000428, 74.49999946700052, 556.976318359375, 1
Bhadane, 1354, 19.216738549000468, 72.9571673740005, 33.44303512573242, 1
Sangam, 691, 18.559355884000468, 73.87624681700049, 552.97021484375, 1
Askot, 356, 19.137959540000452, 72.8256755430005, 11.47046375274658, 1
Kisal, 1150, 19.338500008000437, 73.55236034900048, 102.8215026855469, 1
Ojiwale, 380, 19.29869019600045, 73.58478023000049, 117.4505081176758, 1
Shirpur, 424, 21.349999248000472, 74.88332945100052, 163.0, 1
Eklahare, 521, 19.243578667000463, 73.12704979900053, 16.48573303222656, 1
Sonavale, 1164, 19.204679619000444, 72.9851188940005, 8.125210762023926, 1
Songaon, 790, 18.06666760400043, 74.54999903000049, 524.2030639648438, 1
Vidhyanagar, 316, 18.51526879600044, 73.7786099810005, 608.6863403320312, 1
Singapur, 957, 21.583326043000454, 74.11666948300052, 138.2201080322266, 1
Veluk, 1360, 19.47244023200045, 73.61598002400052, 147.5767974853516, 1
Bursunge, 533, 19.448300077000454, 73.5881500640005, 163.6672058105469, 1
Mandus, 355, 19.226309200000458, 72.97023871400052, 37.41412734985352, 1
Khed, 493, 17.716666162000422, 73.38332905800053, 18.63289642333984, 1
Shelgaon, 743, 20.78332853300043, 76.1333275290005, 276.3626098632812, 1
Wanote, 154, 21.133859861000474, 79.0739500840005, 309.7752685546875, 1
Shiroshi, 1130, 19.39999828700047, 73.61666935200049, 180.2456970214844, 1
Anandnagar, 552, 18.625315531000467, 73.84293627300053, 589.7178955078125, 1
Fangaloshi, 806, 21.133859861000474, 79.0739500840005, 309.7752685546875, 1
Talegaon, 1395, 20.14999623400047, 73.81666760400049, 677.8033447265625, 1
Ambiwali, 267, 19.00407842000044, 73.17659940200053, 28.14707374572754, 1
Dighephal, 105, 19.377530004000448, 73.64918007800048, 133.9187316894531, 1
Paronde, 406, 21.133859861000474, 79.0739500840005, 309.7752685546875, 1
Panshet, 510, 18.48823969500046, 73.84852927700052, 590.1175537109375, 1
Pendhari, 281, 19.418217170000446, 72.8224898250005, 5.075047492980957, 1
Korawale, 1793, 21.133859861000474, 79.0739500840005, 309.7752685546875, 1
Vidhe, 1188, 18.922384915000464, 72.8266684940005, 11.20764541625977, 1
Kanharle, 798, 19.25455028300047, 73.51563029700048, 108.7470245361328, 1
Padale, 644, 17.87078648600044, 73.0794170260005, 9.12125301361084, 1
Mandwat, 177, 19.264600346000464, 73.5662201610005, 114.6376724243164, 1
Kheware, 814, 19.245750204000444, 73.5785602030005, 150.5881500244141, 1
Madh, 798, 19.149995972000454, 72.83332936400052, 6.191536426544189, 1
Durgapur, 875, 19.99999754400045, 79.29999802500049, 197.1213989257812, 1
Jaigaon, 496, 21.048606993000476, 76.53443993500053, 303.7344970703125, 1
Dudhanoli, 710, 19.226850233000448, 73.5727501930005, 157.8916168212891, 1
Khutarwadigaon, 442, 19.231260060000466, 73.55219022000051, 145.1956176757812, 1
Tulai, 1102, 19.98945948000045, 73.79568596600052, 583.9096069335938, 1
Bandhivali, 858, 19.223190326000463, 73.49806003700053, 144.6615753173828, 1
Mharas, 799, 19.86745730600046, 75.36782845700048, 600.052734375, 1
Kedurli, 919, 19.203320122000434, 73.45979028300053, 110.4741363525391, 1
Ghagurli, 342, 19.25740027100045, 72.8593601020005, 8.267711639404297, 1
Talekhal, 489, 21.133859861000474, 79.0739500840005, 309.7752685546875, 1
Khopivali, 1333, 19.209930235000456, 73.55564013500049, 161.0228576660156, 1
Narivali, 1658, 19.133738914000446, 73.08770979000053, 10.034743309021, 1
Sakurli, 710, 19.18747001400044, 73.49684030500049, 120.8278732299805, 1
Ambegaon, 1020, 19.116667429000472, 73.73332600000049, 718.8074340820312, 1
Boriwali, 418, 19.233328577000464, 72.84999588500051, 16.49625205993652, 1
Kanhol, 822, 19.97954690500046, 73.84501562200052, 574.9470825195312, 1
